Model,Type,Top-1,Top-5,Avg Confidence
beit_base_patch16_224,Individual,0.8548636363636364,0.9770454545454546,0.7789927124977112
convnext_tiny,Individual,0.841,0.9708636363636364,0.7714110612869263
vit_base_patch16_224,Individual,0.8140454545454545,0.9581363636363637,0.7678236961364746
Ensemble (hard),Ensemble,0.8560909090909091,,
Ensemble (soft),Ensemble,0.8585454545454545,0.9770454545454546,0.7571624517440796
Ensemble (weighted),Ensemble,0.8585909090909091,0.9770909090909091,0.7573571801185608
