Model,Type,Top-1,Top-5,Avg Confidence
beit_base_patch16_224,Individual,0.8548636363636364,0.9770454545454546,0.7789927124977112
convnext_tiny,Individual,0.841,0.9708636363636364,0.7714110612869263
resnet101,Individual,0.8216818181818182,0.9576818181818182,0.6643044948577881
Ensemble (hard),Ensemble,0.8561363636363636,,
Ensemble (soft),Ensemble,0.8582727272727273,0.9775454545454545,0.7249449491500854
Ensemble (weighted),Ensemble,0.8584545454545455,0.9777272727272728,0.7257811427116394
