Model Pair,Disagreement,Q-Statistic,Cohen κ,Correlation,Both Correct,Both Wrong
beit_base_patch16_224 vs convnext_tiny,0.07504545454545454,0.9711237833611196,0.7091069778029773,0.7101330921922904,17829,2520
beit_base_patch16_224 vs vit_base_patch16_224,0.097,0.9587829739606816,0.6499627647406365,0.6571306182867076,17291,2575
convnext_tiny vs vit_base_patch16_224,0.0995,0.9530744190865817,0.6518800228114799,0.6547982703435218,17111,2700
