Model Pair,Disagreement,Q-Statistic,Cohen κ,Correlation,Both Correct,Both Wrong
beit_base_patch16_224 vs convnext_tiny,0.07504545454545454,0.9711237833611196,0.7091069778029773,0.7101330921922904,17829,2520
beit_base_patch16_224 vs resnet101,0.09309090909090909,0.95936519749165,0.6573680969454826,0.6623261583568503,17418,2534
convnext_tiny vs resnet101,0.0875,0.9636566810278967,0.6881826572539405,0.6898192390457059,17327,2748
