metric,value
Agreement,0.9602727272727273
Both Correct,0.8303181818181818
Both Wrong,0.14054545454545456
Only 123 Correct,0.010454545454545454
Only 124 Correct,0.01868181818181818
